test_index,actual,predicted,predicted_probability
1,0,1,0.69
2,0,1,0.54
3,1,0,0.28
4,1,0,0.32
6,0,1,0.82
12,1,0,0.2
21,1,0,0.34
23,1,0,0.5
26,1,0,0.499
32,0,1,0.58
41,0,1,0.54
42,0,1,0.55
51,1,0,0.5
53,0,1,0.57
61,0,1,0.76
68,0,1,0.74
72,1,0,0.31
75,1,0,0.1
88,1,0,0.41
96,1,0,0.34
108,1,0,0.25
120,0,1,0.6
136,1,0,0.14
143,1,0,0.22
146,0,1,0.51
150,1,0,0.4
158,1,0,0.45
159,1,0,0.02
161,1,0,0.165
175,1,0,0.27
190,0,1,0.56
199,1,0,0.46
208,0,1,0.52
219,0,1,0.54
225,0,1,0.94
229,0,1,0.69
231,1,0,0.28
251,0,1,0.7
266,1,0,0.16
270,1,0,0.32
274,1,0,0.48
276,1,0,0.15333333333333335
287,1,0,0.48
305,1,0,0.37
308,1,0,0.31
310,1,0,0.34
316,1,0,0.13
318,1,0,0.29
321,1,0,0.47
322,0,1,0.67
328,1,0,0.37
329,1,0,0.04
332,1,0,0.48
344,0,1,0.67
346,1,0,0.13
358,0,1,0.71
364,1,0,0.04
368,0,1,0.53
372,1,0,0.31
374,0,1,0.57
379,1,0,0.28
381,1,0,0.47
382,1,0,0.21
390,1,0,0.39
394,1,0,0.46
398,1,0,0.29
399,1,0,0.14
411,1,0,0.29
419,1,0,0.47
425,1,0,0.125
433,0,1,0.54
437,1,0,0.415
441,0,1,0.59
453,1,0,0.44
457,1,0,0.46
462,0,1,0.72
464,0,1,0.64
470,0,1,0.65
479,1,0,0.47
483,1,0,0.3225
487,0,1,0.644
499,0,1,0.5025
503,0,1,0.58
506,1,0,0.22
510,1,0,0.48
519,1,0,0.16
532,1,0,0.29
533,0,1,0.58
556,0,1,0.57
559,1,0,0.5
561,0,1,0.73
563,1,0,0.19
576,1,0,0.13
577,0,1,0.57
586,0,1,0.67
598,0,1,0.63
599,1,0,0.22
600,1,0,0.31
606,0,1,0.56
617,0,1,0.6928333333333333
622,1,0,0.5
624,1,0,0.38
630,1,0,0.33
632,1,0,0.13
646,1,0,0.44
656,1,0,0.26
659,0,1,0.59
665,1,0,0.21
667,0,1,0.6
668,1,0,0.41
669,0,1,0.89
681,1,0,0.21
688,0,1,0.85
689,1,0,0.39
690,1,0,0.35
694,1,0,0.23
708,0,1,0.73
712,1,0,0.03
714,1,0,0.46
720,0,1,0.5426666666666667
725,0,1,0.76
727,1,0,0.3768333333333333
739,0,1,0.86
745,1,0,0.395
752,1,0,0.35
765,0,1,0.51
766,1,0,0.31
770,1,0,0.16166666666666665
777,1,0,0.06
782,1,0,0.395
825,1,0,0.44
843,1,0,0.48
851,1,0,0.15
863,1,0,0.11083333333333334
867,0,1,0.6533333333333334
876,0,1,0.65
892,0,1,0.55
893,0,1,0.66
906,1,0,0.14
911,1,0,0.16
921,0,1,0.52
924,0,1,0.66
930,1,0,0.19
937,0,1,0.6375
947,1,0,0.43
948,1,0,0.45
968,1,0,0.5
969,0,1,0.6
972,1,0,0.39
977,1,0,0.45
980,0,1,0.59
991,0,1,0.6
992,1,0,0.305
1016,1,0,0.27
1030,1,0,0.38
1031,1,0,0.42
1032,0,1,0.54
1044,0,1,0.77
1069,0,1,0.51
1072,1,0,0.39
1090,0,1,0.88
1094,1,0,0.14
1099,1,0,0.41
1111,1,0,0.42
1114,0,1,0.55
1136,0,1,0.85
1139,1,0,0.49
1156,0,1,0.59
1161,0,1,0.61
1163,1,0,0.22
1177,0,1,0.54
1208,1,0,0.23
1216,1,0,0.47
1220,1,0,0.26
1226,0,1,0.63
1231,1,0,0.44
1233,1,0,0.19
1240,1,0,0.10666666666666666
1248,1,0,0.11
1250,1,0,0.15
1254,0,1,0.53
1263,0,1,0.83
1267,0,1,0.6
1275,1,0,0.34
1283,1,0,0.49
1306,1,0,0.25
1319,1,0,0.45
1320,0,1,0.62
1326,1,0,0.405
1331,1,0,0.38
1332,0,1,0.66
1334,0,1,0.6
1342,1,0,0.28
1347,0,1,0.58
1348,1,0,0.29
1349,0,1,0.635
1356,1,0,0.2825
1364,1,0,0.17
1369,0,1,0.78
1373,0,1,0.59
1375,0,1,0.6
1386,1,0,0.23
1397,0,1,0.61
1402,1,0,0.44
1406,0,1,0.55
1408,1,0,0.3875
1419,1,0,0.47
1435,1,0,0.3
1440,1,0,0.28
1441,1,0,0.33
1442,1,0,0.37333333333333335
1450,1,0,0.26
1458,1,0,0.46
1467,0,1,0.68
1478,1,0,0.5
1479,1,0,0.38
1481,1,0,0.38
1482,0,1,0.76
1488,1,0,0.44
1501,1,0,0.12
1513,1,0,0.18
1521,0,1,0.72
1527,1,0,0.42
1529,1,0,0.23
1532,1,0,0.18
1536,0,1,0.615
1541,1,0,0.16
1545,0,1,0.7283333333333334
1571,1,0,0.49
1575,0,1,0.69
1582,1,0,0.22
1584,1,0,0.44
1589,1,0,0.48
1609,1,0,0.41
1610,0,1,0.52
1616,1,0,0.32
1621,1,0,0.25
1633,1,0,0.22
1644,1,0,0.46
1645,1,0,0.33
1682,0,1,0.56
1690,1,0,0.46399999999999997
1698,0,1,0.68
1700,1,0,0.33
1704,0,1,0.51
1707,1,0,0.34
1716,1,0,0.41
1730,1,0,0.28
1748,1,0,0.08
1762,1,0,0.47
1767,1,0,0.5
1770,1,0,0.28
1773,0,1,0.7
1778,0,1,0.69
1786,0,1,0.74
1797,1,0,0.27
1811,0,1,0.5733333333333334
1812,0,1,0.59
1814,0,1,0.715
1820,1,0,0.19
1823,1,0,0.44
1825,1,0,0.15
1834,0,1,0.51
1853,0,1,0.77
1855,0,1,0.75
1859,1,0,0.175
1866,1,0,0.3
1868,1,0,0.32
1870,1,0,0.34
1872,1,0,0.42
1878,1,0,0.3
1879,1,0,0.49333333333333335
1882,1,0,0.39
1883,0,1,0.5408333333333333
1896,1,0,0.1
1902,1,0,0.21
1905,1,0,0.07
1913,1,0,0.48
1914,0,1,0.73
1917,1,0,0.21
1920,0,1,0.59
1929,0,1,0.63
1948,0,1,0.64
1954,0,1,0.82
1964,1,0,0.43
1980,1,0,0.19
1983,0,1,0.5226666666666666
1986,1,0,0.31
1988,1,0,0.29
1990,0,1,0.6
1991,1,0,0.49
1997,1,0,0.4
2001,0,1,0.84
2003,1,0,0.45
2012,1,0,0.4
2016,0,1,0.57
2018,0,1,0.57
2023,0,1,0.66
2027,0,1,0.57
2028,1,0,0.31
2033,1,0,0.32
2043,1,0,0.46
2059,0,1,0.74
2062,1,0,0.37
2074,1,0,0.28
2085,1,0,0.43
2093,1,0,0.32
2096,1,0,0.46
2099,1,0,0.09
2100,1,0,0.38
2105,1,0,0.17
2118,0,1,0.71
2123,1,0,0.31
2131,0,1,0.69
2135,1,0,0.06
2136,1,0,0.22
2149,1,0,0.21
2152,1,0,0.32
2162,1,0,0.45
2176,0,1,0.56
2182,1,0,0.335
2193,0,1,0.84
2196,1,0,0.45
2211,1,0,0.14
2219,1,0,0.24
2220,0,1,0.65
2230,1,0,0.13
2235,1,0,0.42
2238,0,1,0.64
2249,1,0,0.28
2254,0,1,0.57
2255,1,0,0.49
2271,1,0,0.39
2279,0,1,0.62
2280,1,0,0.27
2287,1,0,0.45
2309,1,0,0.45
2316,1,0,0.5
2321,1,0,0.44
2332,1,0,0.31
2355,0,1,0.9
2362,1,0,0.31
2363,0,1,0.53
2380,1,0,0.32
2392,0,1,0.6991666666666666
2393,1,0,0.21
2395,1,0,0.49
2396,1,0,0.26
2404,1,0,0.36
2407,1,0,0.42
2417,0,1,0.73
2435,1,0,0.4
2441,1,0,0.42
2453,1,0,0.32
2458,1,0,0.45
2463,1,0,0.22
2473,0,1,0.61
2474,1,0,0.15
2477,1,0,0.32
2493,0,1,0.79
2497,1,0,0.4
2501,1,0,0.365
2505,1,0,0.4233333333333333
2508,1,0,0.23
2516,1,0,0.366
2519,1,0,0.29
2520,0,1,0.69
2521,1,0,0.43
2528,0,1,0.68
2532,0,1,0.66
2535,0,1,0.59
2536,0,1,0.59
2543,1,0,0.39
2547,1,0,0.35
2562,1,0,0.43
2564,1,0,0.46
2581,1,0,0.22
2589,1,0,0.46
2590,1,0,0.2
2592,1,0,0.4
2595,0,1,0.55
2598,1,0,0.145
2600,1,0,0.145
2605,1,0,0.32
2628,1,0,0.18333333333333335
2647,1,0,0.27
2657,0,1,0.58
2680,1,0,0.3906666666666667
2689,0,1,0.62
2694,1,0,0.43
2700,1,0,0.2
2703,0,1,0.53
2710,1,0,0.35
2714,1,0,0.17
2715,1,0,0.26
2716,1,0,0.44
2745,1,0,0.34
2747,0,1,0.71
2754,1,0,0.26
2758,1,0,0.26
2784,1,0,0.14
2787,1,0,0.35
2796,1,0,0.26
2799,1,0,0.41
2801,1,0,0.29
2821,0,1,0.505
2832,1,0,0.22
2838,0,1,0.585
2848,1,0,0.24
2852,1,0,0.32
2855,1,0,0.26
2863,1,0,0.41
2868,1,0,0.44
2875,0,1,0.56
2895,0,1,0.56
2896,1,0,0.45333333333333337
2906,0,1,0.62
2915,0,1,0.52
2944,1,0,0.0
2960,1,0,0.41
2962,1,0,0.48
2968,1,0,0.415
2993,1,0,0.3
2997,1,0,0.43
3000,1,0,0.3
3006,1,0,0.08
3007,0,1,0.6
3009,1,0,0.31
3022,1,0,0.305
3024,1,0,0.23
3034,0,1,0.52
3038,1,0,0.495
3039,1,0,0.25
3044,1,0,0.39
3048,1,0,0.27
3065,0,1,0.72
3069,0,1,0.61
3070,1,0,0.44
3073,0,1,0.51
3083,0,1,0.54
3098,1,0,0.16
3120,1,0,0.19
3132,1,0,0.13
3141,1,0,0.5
3146,1,0,0.43333333333333335
3155,1,0,0.35
3158,1,0,0.33
3160,1,0,0.25
3171,1,0,0.46
3172,0,1,0.55
3183,1,0,0.31
3184,0,1,0.83
3191,1,0,0.3
3193,1,0,0.44
3197,0,1,0.55
3202,1,0,0.3
3208,0,1,0.7206666666666667
3215,1,0,0.1
3216,1,0,0.24
3221,1,0,0.42
3223,1,0,0.38666666666666666
3230,0,1,0.69
3243,1,0,0.32
3249,0,1,0.68
3258,1,0,0.47
3260,1,0,0.37
3262,1,0,0.24
3272,1,0,0.27066666666666667
3279,0,1,0.52
3286,0,1,0.57
3288,1,0,0.3025
3291,0,1,0.64
3298,1,0,0.27
3325,1,0,0.29
3333,0,1,0.53
3339,0,1,0.52
3346,0,1,0.89
3348,1,0,0.2
3350,0,1,0.69
3361,1,0,0.43
3367,1,0,0.39
3375,0,1,0.7
3380,1,0,0.25
3381,0,1,0.63
3392,1,0,0.43
3401,0,1,0.59
3404,0,1,0.61
3405,1,0,0.17
3410,1,0,0.46
3427,1,0,0.45
3431,1,0,0.07
3437,1,0,0.43
3446,1,0,0.17
3456,1,0,0.49
3463,0,1,0.51
3465,1,0,0.35
3467,1,0,0.45
3472,1,0,0.36
3474,1,0,0.29
3485,1,0,0.28
3486,1,0,0.24
3487,0,1,0.5155833333333333
3491,1,0,0.37
3497,0,1,0.6
3502,1,0,0.38
3503,1,0,0.28
3504,1,0,0.25
3510,1,0,0.31
3514,1,0,0.44
3529,1,0,0.34
3532,1,0,0.29
3548,1,0,0.19
3553,1,0,0.22
3554,0,1,0.65
3555,1,0,0.34
3556,1,0,0.30666666666666664
3558,1,0,0.39
3564,1,0,0.14
3566,1,0,0.44
3572,1,0,0.48
3577,1,0,0.03
3578,0,1,0.51
3590,1,0,0.38
3591,0,1,0.83
3607,1,0,0.27
3609,0,1,0.53
3611,0,1,0.82
3615,1,0,0.17
3619,1,0,0.27
3621,0,1,0.57
3632,1,0,0.38
3641,0,1,0.66
3642,1,0,0.18
3645,1,0,0.02
3657,1,0,0.46
3659,1,0,0.4025
3660,1,0,0.24
3675,1,0,0.42
3681,0,1,0.7
3683,0,1,0.69
3686,0,1,0.51
3688,1,0,0.4
3697,1,0,0.07
3702,1,0,0.49
3705,1,0,0.39
3715,1,0,0.37
3724,1,0,0.26
3725,0,1,0.6533333333333333
3731,1,0,0.13
3733,1,0,0.48
3734,1,0,0.12
3738,1,0,0.36
3740,0,1,0.58
3743,1,0,0.04
3745,0,1,0.61
3752,1,0,0.44
3757,1,0,0.36
3763,1,0,0.23
3766,1,0,0.17
3781,1,0,0.25
3792,1,0,0.44
3809,0,1,0.59
3811,1,0,0.32
3812,1,0,0.21
3813,1,0,0.15
3816,0,1,0.745
3838,1,0,0.47
3847,1,0,0.3
3849,0,1,0.66
3860,1,0,0.43
3876,1,0,0.38
3894,0,1,0.51
3913,1,0,0.45
3924,1,0,0.18
3927,0,1,0.64
3929,1,0,0.41
3930,1,0,0.3
3931,1,0,0.25
3937,0,1,0.85
3943,1,0,0.49
3948,1,0,0.41
3954,0,1,0.855
3967,1,0,0.1
3968,0,1,0.7
3980,1,0,0.14
3986,1,0,0.22
3990,1,0,0.485
3999,1,0,0.35
4013,1,0,0.13
4014,1,0,0.4
4023,1,0,0.27
4025,1,0,0.49
4032,0,1,0.53
4033,1,0,0.33
4037,1,0,0.45
4038,0,1,0.89
4044,1,0,0.19
4061,1,0,0.25
4063,1,0,0.31
4064,1,0,0.38
4071,1,0,0.29
4086,0,1,0.79
4098,1,0,0.44
4100,0,1,0.64
4113,0,1,0.6
4122,0,1,0.54
4125,0,1,0.71
4132,1,0,0.499
4134,0,1,0.52
4141,0,1,0.59
4162,1,0,0.29
4170,1,0,0.1
4186,1,0,0.43
4187,0,1,0.515
4200,1,0,0.23
4202,0,1,0.62
4209,0,1,0.51
4214,0,1,0.6
4216,1,0,0.06
4220,1,0,0.08
4225,1,0,0.32
4233,1,0,0.21
4235,1,0,0.33
4236,1,0,0.35
4242,1,0,0.47
4250,1,0,0.44
4253,1,0,0.45
4267,0,1,0.52
4270,0,1,0.96
4279,0,1,0.67
4301,1,0,0.08
4317,1,0,0.245
4325,0,1,0.58
4346,0,1,0.6
4347,0,1,0.52
4352,1,0,0.46
4354,0,1,0.58
4359,1,0,0.23
4361,0,1,0.94
4362,1,0,0.38
4369,1,0,0.23
4376,1,0,0.47
4381,0,1,0.59
4385,0,1,0.77
4400,1,0,0.25
4405,1,0,0.02
4419,0,1,0.93
4427,0,1,0.56
4437,0,1,0.505
4446,1,0,0.09
4461,1,0,0.49
4474,1,0,0.38333333333333336
4490,1,0,0.3
4504,1,0,0.47
4508,1,0,0.46
4520,0,1,0.66
4523,1,0,0.13
4527,1,0,0.24
4535,1,0,0.24
4539,1,0,0.29
4540,1,0,0.355
4564,1,0,0.275
4574,0,1,0.54
4581,0,1,0.61
4584,1,0,0.35
4585,1,0,0.11
4590,1,0,0.38
4596,1,0,0.49
4600,0,1,0.71
4612,1,0,0.27
4624,0,1,0.59
4625,1,0,0.18
4627,1,0,0.34
4628,1,0,0.31
4630,1,0,0.39
4634,1,0,0.37
4635,0,1,0.54
4644,1,0,0.42
4645,0,1,0.57
4651,1,0,0.5
4654,1,0,0.5
4662,1,0,0.13
4666,1,0,0.33
4673,0,1,0.64
4674,1,0,0.43
4684,1,0,0.19
4690,1,0,0.42
4692,0,1,0.52
4700,1,0,0.19
4702,1,0,0.27
4728,1,0,0.34900000000000003
4739,1,0,0.28
4746,1,0,0.25
4755,0,1,0.59
4763,1,0,0.44
4764,1,0,0.35
4769,1,0,0.03
4782,1,0,0.14761904761904762
4791,1,0,0.33
4799,1,0,0.25
4807,1,0,0.24166666666666667
4809,0,1,0.73
4813,1,0,0.27
4814,1,0,0.43
4818,0,1,0.74
4824,1,0,0.48
4845,0,1,0.62
4847,0,1,0.61
4856,0,1,0.67
4859,0,1,0.53
4860,1,0,0.215
4864,0,1,0.69
4865,1,0,0.28
4883,1,0,0.36
4897,1,0,0.19
4902,1,0,0.18
4905,1,0,0.12
4909,1,0,0.32
4910,1,0,0.49
4912,0,1,0.74
4916,0,1,0.6
4931,1,0,0.34
4932,0,1,0.77
4946,1,0,0.35
4970,1,0,0.32
4976,0,1,0.7
4985,1,0,0.03
4987,0,1,0.62
4989,1,0,0.28
4991,0,1,0.6
4993,1,0,0.09
4999,0,1,0.78
5018,0,1,0.51
5021,1,0,0.24
5024,1,0,0.39
5025,1,0,0.27
5026,0,1,0.82
5030,0,1,0.9
5034,1,0,0.47
5036,1,0,0.38
5049,1,0,0.26
5051,1,0,0.23
5068,1,0,0.5
5079,0,1,0.64
5081,1,0,0.39
5091,1,0,0.44
5099,1,0,0.44
5109,0,1,0.5385714285714286
5117,0,1,0.78
5120,1,0,0.42
5121,0,1,0.57
5129,1,0,0.16
5152,1,0,0.17
5154,1,0,0.5
5156,0,1,0.69
5164,1,0,0.445
5166,0,1,0.7
5168,1,0,0.27
5181,0,1,0.54
5184,0,1,0.77
5186,1,0,0.38
5189,1,0,0.22666666666666666
5202,0,1,0.59
5207,1,0,0.21
5210,1,0,0.06
5211,0,1,0.6
5219,1,0,0.15166666666666667
5224,1,0,0.47
5225,1,0,0.33
5228,1,0,0.17
5229,0,1,0.9
5244,1,0,0.3533333333333333
5257,0,1,0.51
5264,1,0,0.25
5268,0,1,0.65
5270,0,1,0.75
5272,0,1,0.66
5275,1,0,0.21
5277,1,0,0.41
5299,1,0,0.3
5321,0,1,0.5566666666666666
5322,0,1,0.6
5331,1,0,0.01
5337,1,0,0.2
5347,0,1,0.77
5354,0,1,0.55
5376,1,0,0.44
5394,0,1,0.57
5411,1,0,0.425
5420,1,0,0.47
5421,1,0,0.0
5422,0,1,0.6
5426,0,1,0.76
5432,1,0,0.44
5441,1,0,0.46
5443,1,0,0.26
5455,0,1,0.54
5460,1,0,0.26
5467,1,0,0.34
5474,1,0,0.5
5478,0,1,0.68
5484,0,1,0.62
5488,1,0,0.41
5493,1,0,0.43
5501,0,1,0.51
5516,0,1,0.605
5519,0,1,0.78
5524,1,0,0.39666666666666667
5527,1,0,0.48
5531,1,0,0.13
5534,1,0,0.264
5545,0,1,0.72
5546,0,1,0.56
5550,1,0,0.19
5557,0,1,0.62
5558,1,0,0.48
5585,1,0,0.27
5586,0,1,0.57
5598,1,0,0.4133333333333333
5604,1,0,0.04
5607,1,0,0.25
5612,1,0,0.2
5615,0,1,0.66
5621,1,0,0.12
5622,0,1,0.7
5624,0,1,0.8283333333333335
5627,0,1,0.54
5640,1,0,0.22
5652,1,0,0.19
5668,1,0,0.29333333333333333
5671,1,0,0.42
5682,1,0,0.35
5702,0,1,0.55
5713,1,0,0.38
5715,1,0,0.24
5719,0,1,0.67
5725,1,0,0.34
5732,0,1,0.73
5733,0,1,0.85
5734,1,0,0.44
5739,1,0,0.31
5751,1,0,0.41
5760,1,0,0.43
5764,0,1,0.65
5769,1,0,0.44
5773,1,0,0.23
5783,0,1,0.775
5791,0,1,0.7
5793,0,1,0.55
5799,0,1,0.57
5814,0,1,0.81
5815,1,0,0.48
5823,0,1,0.55
5824,1,0,0.17
5827,1,0,0.44666666666666666
5836,0,1,0.68
5839,1,0,0.48
5850,1,0,0.42
5854,1,0,0.5
5873,1,0,0.27
5881,1,0,0.3
5883,0,1,0.57
5887,1,0,0.31133333333333335
5891,0,1,0.76
5904,0,1,0.51
5906,1,0,0.5
5907,1,0,0.3066666666666667
5909,1,0,0.07
5911,1,0,0.48
5917,1,0,0.43899999999999983
5919,1,0,0.3
5921,0,1,0.61
5926,1,0,0.21
5942,1,0,0.03
5946,1,0,0.3
5947,1,0,0.3
5962,1,0,0.28
5968,1,0,0.32
5972,0,1,0.68
5978,1,0,0.5
5979,1,0,0.41
5980,0,1,0.56
5987,1,0,0.43
5994,1,0,0.32
5998,1,0,0.3433333333333334
5999,0,1,0.71
6013,1,0,0.24
6016,1,0,0.33
6039,1,0,0.31
6050,0,1,0.7
6079,1,0,0.3625
6080,1,0,0.36
6095,1,0,0.41
6102,1,0,0.42
6103,0,1,0.61
6106,0,1,0.56
6111,1,0,0.42
6114,0,1,0.7075
6116,0,1,0.7454999999999999
6117,1,0,0.27
6124,1,0,0.35
6126,0,1,0.53
6134,1,0,0.47
6135,0,1,0.55
6136,1,0,0.36
6141,0,1,0.63
6149,1,0,0.11
6158,1,0,0.46
6163,0,1,0.57
6173,1,0,0.27
6175,1,0,0.19
6176,1,0,0.19
6188,1,0,0.5
6192,1,0,0.45
6208,0,1,0.52
6209,1,0,0.49750000000000005
6223,0,1,0.67
6230,1,0,0.05
6242,1,0,0.44
6246,1,0,0.15
6267,1,0,0.17
6270,1,0,0.34
6279,1,0,0.31
6287,1,0,0.3
6290,0,1,0.75
6295,1,0,0.47
6304,0,1,0.92
6305,1,0,0.35
6310,1,0,0.3766666666666667
6314,1,0,0.16
6318,1,0,0.45
6326,0,1,0.79
6329,0,1,0.57
6333,1,0,0.35
6336,1,0,0.18
6346,1,0,0.35
6353,1,0,0.23
6361,1,0,0.46
6372,0,1,0.63
6374,1,0,0.41
6375,0,1,0.555
6380,1,0,0.43
6387,0,1,0.63
6407,1,0,0.1733333333333333
6416,0,1,0.72
6417,1,0,0.28
6427,0,1,0.76
6432,1,0,0.24
6455,1,0,0.5
6463,1,0,0.27
6470,1,0,0.44
6472,1,0,0.5
6475,0,1,0.81
6477,1,0,0.4
6480,0,1,0.67
6481,1,0,0.14
6489,1,0,0.21
6493,0,1,0.58
6497,1,0,0.20666666666666664
6518,1,0,0.1
6523,1,0,0.31
6532,1,0,0.22
6533,1,0,0.16
6535,1,0,0.29
6542,0,1,0.78
6570,0,1,0.53
6571,1,0,0.14
6583,1,0,0.084
6585,1,0,0.43
6586,0,1,0.71
6589,0,1,0.58
6596,0,1,0.54
6609,1,0,0.23333333333333336
6610,1,0,0.425
6613,1,0,0.34
6618,1,0,0.48
6646,0,1,0.78
6653,1,0,0.15
6654,0,1,0.68
6661,1,0,0.31
6663,1,0,0.4
6665,1,0,0.28
6670,0,1,0.51
6677,1,0,0.19
6688,1,0,0.33
6696,1,0,0.385
6721,1,0,0.29
6726,0,1,0.55
6739,0,1,0.71
6744,1,0,0.47
6753,1,0,0.21
6754,0,1,0.72
6758,1,0,0.28
6761,1,0,0.26
6766,1,0,0.29
6767,0,1,0.52
6772,0,1,0.55
6776,1,0,0.31
6784,1,0,0.28
6785,0,1,0.55
6790,1,0,0.45
6794,1,0,0.27
6799,1,0,0.43
6801,0,1,0.54
6825,1,0,0.19
6826,1,0,0.39
6841,1,0,0.28
6851,1,0,0.24
6852,0,1,0.52
6860,0,1,0.61
6861,0,1,0.6
6862,0,1,0.52
6869,0,1,0.65
6875,1,0,0.284
6882,0,1,0.82
6888,1,0,0.36
6890,1,0,0.28
6893,1,0,0.49
6896,0,1,0.58
6919,1,0,0.25
6924,1,0,0.35
6941,1,0,0.28
6944,1,0,0.36
6959,0,1,0.64
6961,0,1,0.5666666666666667
6962,1,0,0.06
6966,1,0,0.23
6977,1,0,0.36
6982,1,0,0.02
6984,0,1,0.71
6986,1,0,0.465
6996,1,0,0.275
7004,1,0,0.36
7009,1,0,0.11
7014,1,0,0.28
7015,1,0,0.41
7021,0,1,0.78
7029,0,1,0.63
7041,1,0,0.08
7058,1,0,0.08
7062,1,0,0.28
7074,1,0,0.22
7078,1,0,0.46
7085,1,0,0.22
7089,0,1,0.59
7092,0,1,0.86
7098,1,0,0.1
7107,1,0,0.15
7139,0,1,0.525
7140,0,1,0.64
7144,1,0,0.08
7150,1,0,0.45
7152,1,0,0.33
7157,1,0,0.38
7158,1,0,0.11
7164,1,0,0.5
7166,0,1,0.63
7174,1,0,0.04
7184,1,0,0.48
7187,1,0,0.29
7190,1,0,0.3
7193,0,1,0.61
7198,1,0,0.26
7203,0,1,0.79
7204,1,0,0.4775
7215,0,1,0.62
7219,1,0,0.32
7226,1,0,0.48
7233,1,0,0.39
7238,1,0,0.46
7241,1,0,0.37
7262,1,0,0.4
7273,0,1,0.51
7276,1,0,0.28
7294,0,1,0.71
7300,0,1,0.89
7318,0,1,0.82
7330,0,1,0.61
7336,1,0,0.28
7344,1,0,0.22
7355,0,1,0.5511666666666667
7368,1,0,0.17
7372,0,1,0.55
7393,1,0,0.49
7395,1,0,0.39
7397,0,1,0.516
7407,1,0,0.47
7410,1,0,0.11
7411,1,0,0.27
7412,0,1,0.61
7414,1,0,0.5
7421,1,0,0.48
7423,1,0,0.15
7424,1,0,0.38
7443,0,1,0.68
7449,1,0,0.23
7451,1,0,0.38
7453,0,1,0.61
7455,0,1,0.8
7471,1,0,0.05
7478,0,1,0.63
7492,1,0,0.265
7498,1,0,0.41
7505,1,0,0.31
7509,1,0,0.43
7511,1,0,0.45
7515,1,0,0.3466666666666666
7522,1,0,0.14
7547,1,0,0.33
7549,0,1,0.6708333333333333
7560,0,1,0.51
7564,1,0,0.25
7572,0,1,0.51
7574,1,0,0.17333333333333337
7581,1,0,0.49
7582,0,1,0.58
7586,1,0,0.38
7595,1,0,0.5
7596,0,1,0.7
7597,0,1,0.67
7611,1,0,0.27
7617,0,1,0.85
7618,0,1,0.55
7622,1,0,0.43
7625,1,0,0.36
7626,1,0,0.405
7633,1,0,0.25
7634,1,0,0.13
7640,0,1,0.58
7646,1,0,0.31
7647,1,0,0.48
7648,1,0,0.48
7657,1,0,0.33
7662,0,1,0.59
7672,0,1,0.57
7677,0,1,0.6319523809523809
7688,1,0,0.39
7693,0,1,0.69
7694,1,0,0.37
7696,0,1,0.76
7702,1,0,0.37
7704,0,1,0.755
7706,1,0,0.46
7710,1,0,0.08
7713,0,1,0.57
7723,1,0,0.38
7724,1,0,0.34
7731,1,0,0.2833333333333333
7735,1,0,0.3
7739,1,0,0.21
7743,1,0,0.5
7746,1,0,0.46
7747,1,0,0.42
7748,1,0,0.41
7749,1,0,0.36
7754,0,1,0.54
7755,1,0,0.36
7767,1,0,0.48
7810,0,1,0.63
7814,1,0,0.28
7833,1,0,0.09
7852,0,1,0.85
7859,0,1,0.66
7866,0,1,0.73
7867,1,0,0.32333333333333336
7868,1,0,0.31
7878,0,1,0.525
7882,1,0,0.4675
7895,1,0,0.41
7901,1,0,0.32
7904,0,1,0.62
7909,1,0,0.39
7918,1,0,0.45
7925,0,1,0.85
7926,1,0,0.15
7932,1,0,0.21
7940,1,0,0.3
7952,1,0,0.27666666666666667
7965,1,0,0.37
7968,1,0,0.47
7989,1,0,0.18
8001,1,0,0.36
8010,1,0,0.22
8020,1,0,0.46
8023,1,0,0.22
8038,1,0,0.25
8054,1,0,0.25
8057,1,0,0.17666666666666664
8062,1,0,0.41
8077,0,1,0.7433333333333334
8078,0,1,0.53
8079,1,0,0.21
8089,1,0,0.43
8091,1,0,0.36
8101,0,1,0.69
8109,0,1,0.52
8113,0,1,0.51
8118,0,1,0.53
8121,1,0,0.03
8128,0,1,0.51
8134,0,1,0.66
8140,0,1,0.77
8142,0,1,0.61
8149,0,1,0.58
8154,1,0,0.02
8156,1,0,0.04
8157,1,0,0.26
8190,0,1,0.63
8196,1,0,0.47
8198,1,0,0.22650000000000006
8204,1,0,0.17
8209,1,0,0.05
8215,1,0,0.3
8220,0,1,0.58
8230,0,1,0.6
8235,1,0,0.24
8237,1,0,0.36
8264,1,0,0.11
8270,1,0,0.46
8299,1,0,0.25
8309,1,0,0.01
8311,0,1,0.78
8318,1,0,0.49
8319,1,0,0.21
8323,0,1,0.79
8334,1,0,0.41
8336,0,1,0.535
8342,1,0,0.19
8344,1,0,0.45
8345,0,1,0.5033333333333334
8349,1,0,0.49
8361,0,1,0.52
8363,1,0,0.21
8366,0,1,0.53
8368,1,0,0.1525
8375,1,0,0.145
8393,0,1,0.68
8398,1,0,0.43
8417,0,1,0.53
8421,1,0,0.34
8427,1,0,0.37
8429,1,0,0.3
8432,1,0,0.1
8438,1,0,0.3
8458,1,0,0.08
8473,1,0,0.1
8477,0,1,0.53
8481,1,0,0.04
8489,1,0,0.37
8498,1,0,0.24
8502,1,0,0.3
8514,1,0,0.44
8515,0,1,0.7
8519,1,0,0.42161904761904767
8526,1,0,0.1275
8528,0,1,0.57
8538,1,0,0.41
8551,1,0,0.44
8552,1,0,0.25
8557,1,0,0.28
8568,1,0,0.48
8569,1,0,0.252
8576,0,1,0.51
8586,1,0,0.08
8592,0,1,0.54
8593,1,0,0.24
8598,1,0,0.42
8600,1,0,0.43333333333333335
8601,1,0,0.4
8612,0,1,0.61
8613,1,0,0.31
8619,1,0,0.19
8627,1,0,0.13
8628,1,0,0.36
8636,1,0,0.31
8648,0,1,0.77
8652,1,0,0.46
8657,1,0,0.28
8659,0,1,0.59
8661,1,0,0.32
8669,1,0,0.33
8674,0,1,0.73
8685,1,0,0.3973333333333333
8687,1,0,0.44
8692,1,0,0.44
8696,1,0,0.3
8704,1,0,0.44
8706,0,1,0.73
8715,0,1,0.55
8717,0,1,0.65
8725,0,1,0.51
8728,0,1,0.71
8733,0,1,0.56
8750,1,0,0.23
8751,0,1,0.56
8753,0,1,0.63
8764,1,0,0.14
8771,1,0,0.41
8774,1,0,0.41
8776,1,0,0.44
8782,1,0,0.42
8783,1,0,0.335
8791,1,0,0.22
8796,0,1,0.59
8798,0,1,0.5160000000000001
8803,0,1,0.64
8804,1,0,0.24
8814,1,0,0.35
8819,1,0,0.15
8821,0,1,0.62
8822,0,1,0.91
8824,1,0,0.105
8834,1,0,0.43
8835,1,0,0.49
8847,1,0,0.2
8848,0,1,0.56
8849,0,1,0.52
8859,1,0,0.45
8870,0,1,0.65
8877,1,0,0.19
8885,1,0,0.08
8887,0,1,0.71
8896,0,1,0.7
8899,1,0,0.36
8902,0,1,0.6
8905,1,0,0.28
8914,1,0,0.33
8923,1,0,0.48
8924,1,0,0.46
8927,1,0,0.11349999999999999
8947,1,0,0.31
8949,1,0,0.4985000000000001
8953,1,0,0.42
8955,0,1,0.7832380952380952
8958,1,0,0.31
8967,1,0,0.165
8968,1,0,0.49
8974,0,1,0.51
8977,1,0,0.1
8980,1,0,0.31
8993,1,0,0.34
9005,0,1,0.52
9012,0,1,0.9
9014,0,1,0.52
9020,0,1,0.64
9031,0,1,0.67
9045,1,0,0.15
9055,1,0,0.46
9056,0,1,0.7
9058,0,1,0.62
9068,1,0,0.39
9074,1,0,0.275
9079,1,0,0.32
9088,1,0,0.32
9098,1,0,0.41
9099,1,0,0.44
9106,1,0,0.35
9112,0,1,0.76
9115,1,0,0.21
9118,1,0,0.33
9124,1,0,0.25
9133,0,1,0.57
9139,1,0,0.31
9153,1,0,0.34
9157,1,0,0.42
9161,0,1,0.57
9171,0,1,0.79
9172,1,0,0.49
9175,1,0,0.36
9186,0,1,0.66
9189,1,0,0.45
9197,1,0,0.05
9202,0,1,0.51
9204,1,0,0.5
9206,1,0,0.01
9207,1,0,0.15
9209,1,0,0.46
9219,0,1,0.68
9226,1,0,0.46
9232,1,0,0.4
9235,1,0,0.29
9241,1,0,0.46
9244,0,1,0.5616666666666666
9245,1,0,0.28
9248,1,0,0.1
9266,1,0,0.1433333333333333
9273,1,0,0.426
9278,1,0,0.12833333333333333
9281,1,0,0.4
9286,1,0,0.28
9298,0,1,0.74
9305,1,0,0.23
9306,1,0,0.31
9312,1,0,0.35
9320,1,0,0.38
9330,1,0,0.18
9335,0,1,0.555
9344,0,1,0.65
9354,0,1,0.518
9368,1,0,0.49
9370,0,1,0.51
9375,1,0,0.39
9383,0,1,0.71
9384,1,0,0.45
9386,1,0,0.465
9392,1,0,0.40833333333333327
9398,1,0,0.07
9409,1,0,0.3
9414,0,1,0.52
9415,1,0,0.23399999999999999
9421,1,0,0.36
9434,0,1,0.7
9437,1,0,0.48
9442,0,1,0.75
9448,0,1,0.63
9460,0,1,0.6876666666666666
9478,1,0,0.175
9479,1,0,0.3266666666666667
9480,0,1,0.73
9485,0,1,0.51
9488,0,1,0.54
9498,0,1,0.85
9500,0,1,0.56
9505,1,0,0.30333333333333334
9507,1,0,0.42666666666666664
9513,1,0,0.46
9533,1,0,0.43
9550,0,1,0.67
9551,1,0,0.11
9569,1,0,0.26
9572,0,1,0.66
9578,0,1,0.53
9584,1,0,0.29
9588,1,0,0.22
9591,1,0,0.5
9594,0,1,0.54
9597,1,0,0.28
9601,0,1,0.56
9613,0,1,0.8
9618,0,1,0.68
9620,1,0,0.37
9633,0,1,0.64
9637,0,1,0.6
9639,1,0,0.308
9641,1,0,0.39
9642,1,0,0.24
9655,0,1,0.72
9660,1,0,0.48
9662,1,0,0.32
9664,1,0,0.29
9665,1,0,0.37
9677,1,0,0.07
9690,1,0,0.49
9697,1,0,0.24
9699,0,1,0.53
9701,1,0,0.48
9711,0,1,0.57
9727,0,1,0.54
9743,1,0,0.41
9746,1,0,0.27
9752,0,1,0.8446666666666667
9753,0,1,0.57
9763,1,0,0.14666666666666667
9764,0,1,0.64
9765,1,0,0.41
9769,1,0,0.22
9770,1,0,0.3425
9771,0,1,0.5273333333333333
9772,1,0,0.5
9776,1,0,0.24
9799,0,1,0.72
9811,1,0,0.48
9824,0,1,0.67
9828,1,0,0.37
9830,0,1,0.51
9850,1,0,0.15
9853,1,0,0.06
9856,1,0,0.33
9861,1,0,0.3816666666666667
9867,1,0,0.3
9873,0,1,0.59
9877,1,0,0.35
9883,0,1,0.62
9884,1,0,0.4658333333333334
9886,1,0,0.16
9888,1,0,0.3066666666666667
9892,1,0,0.35
9893,1,0,0.26
9895,1,0,0.46
9897,1,0,0.31
9902,1,0,0.12
9903,1,0,0.37
9916,0,1,0.65
9925,1,0,0.1
9931,0,1,0.68
9938,0,1,0.58
9950,1,0,0.33
9953,1,0,0.29
9958,1,0,0.07
9959,1,0,0.43
9964,0,1,0.63
9965,0,1,0.71
9966,1,0,0.41
9967,1,0,0.45
9973,1,0,0.42
9978,1,0,0.34
9983,1,0,0.37
9994,0,1,0.7
9995,1,0,0.39
9997,1,0,0.37
10000,1,0,0.36
10007,1,0,0.31666666666666665
10015,1,0,0.41
10026,1,0,0.26
10030,1,0,0.30266666666666664
10037,0,1,0.53
10052,1,0,0.42
10056,0,1,0.68
10058,1,0,0.3446666666666666
10081,0,1,0.62
10083,1,0,0.39
10086,1,0,0.11
10094,1,0,0.48666666666666664
10136,0,1,0.63
10145,1,0,0.3
10160,1,0,0.43
10166,1,0,0.44
10175,1,0,0.02
10188,0,1,0.765
10199,1,0,0.37
10201,1,0,0.34
10214,1,0,0.34
10228,1,0,0.22
10240,0,1,0.64
10247,1,0,0.5
10248,1,0,0.28
10256,1,0,0.37
10260,0,1,0.75
10261,1,0,0.48
10274,1,0,0.365
10277,0,1,0.66
10288,1,0,0.44
10310,1,0,0.22
10312,1,0,0.23
10316,0,1,0.56
10323,1,0,0.23399999999999999
10328,0,1,0.85
10334,1,0,0.34
10338,1,0,0.09
10339,1,0,0.496
10342,0,1,0.5066666666666666
10348,0,1,0.58
10378,0,1,0.61
10379,0,1,0.67
10381,1,0,0.45
10393,0,1,0.65
10394,0,1,0.72
10403,1,0,0.23
10404,0,1,0.64
10405,0,1,0.6
10408,1,0,0.1175
10432,0,1,0.51
10435,1,0,0.43
10449,0,1,0.57
10461,1,0,0.4633333333333334
10464,1,0,0.31
10465,0,1,0.54
10468,1,0,0.3533333333333333
10477,1,0,0.39
10488,1,0,0.155
10502,1,0,0.21833333333333335
10506,1,0,0.18
10508,0,1,0.55
10512,1,0,0.43
10518,1,0,0.37
10519,1,0,0.33
10523,0,1,0.55
10526,1,0,0.07
10528,1,0,0.195
10529,1,0,0.3
10533,1,0,0.26
10535,1,0,0.37
10543,1,0,0.46
10563,1,0,0.42
10571,0,1,0.92
10584,1,0,0.39
10588,1,0,0.3
10589,1,0,0.41
10602,1,0,0.32
10605,0,1,0.55
10616,1,0,0.5
10618,0,1,0.78
10627,1,0,0.44
10644,1,0,0.16
10668,0,1,0.53
10672,1,0,0.38
10674,1,0,0.23
10680,1,0,0.21
10683,1,0,0.04
10686,1,0,0.38333333333333336
10689,1,0,0.06
10704,1,0,0.29333333333333333
10705,0,1,0.83
10708,1,0,0.35
10711,1,0,0.27
10732,1,0,0.37
10749,0,1,0.6
10752,1,0,0.1
10754,1,0,0.33
10761,0,1,0.54
10762,1,0,0.2
10767,0,1,0.54
10772,1,0,0.4
10774,0,1,0.7828333333333333
10778,0,1,0.59
10784,1,0,0.37
10785,1,0,0.18
10813,1,0,0.17
10815,1,0,0.33
10828,1,0,0.4
10839,0,1,0.55
10846,0,1,0.68
10851,1,0,0.27
10852,0,1,0.81
10862,1,0,0.36
10864,1,0,0.49
10868,1,0,0.35
10873,0,1,0.69
10885,1,0,0.3
10886,0,1,0.58
10887,1,0,0.22
10890,0,1,0.68
10896,1,0,0.2
10907,0,1,0.61
10914,0,1,0.69
10916,0,1,0.79
10930,1,0,0.43
10944,1,0,0.13
10945,0,1,0.64
10961,1,0,0.41
10971,1,0,0.49
10983,1,0,0.44
10996,1,0,0.32
11010,1,0,0.41
11015,1,0,0.3
11025,1,0,0.41
11026,1,0,0.33
11028,0,1,0.77
11035,0,1,0.59
11036,1,0,0.32
11038,0,1,0.6
11040,1,0,0.48
11041,0,1,0.61
11042,0,1,0.58
11048,1,0,0.49
11050,1,0,0.26
11074,1,0,0.2
11081,0,1,0.73
11091,0,1,0.53
11102,0,1,0.56
11111,0,1,0.73
11113,1,0,0.35
11114,0,1,0.54
11126,1,0,0.45
11132,1,0,0.19933333333333333
11134,1,0,0.37
11136,1,0,0.44
11141,1,0,0.12
11142,1,0,0.43
11146,1,0,0.27
11148,1,0,0.4
11149,0,1,0.67
11153,1,0,0.3
11155,0,1,0.77
11160,1,0,0.37
11174,1,0,0.33
11177,1,0,0.47
11183,1,0,0.3
11194,1,0,0.04
11200,1,0,0.26
11203,1,0,0.34
11209,1,0,0.07
11215,1,0,0.15
11218,1,0,0.31
11220,0,1,0.54
11223,1,0,0.07
11225,0,1,0.74
11253,1,0,0.05
11254,1,0,0.25
11272,0,1,0.8
11275,0,1,0.9
11279,0,1,0.62
11296,1,0,0.46
11298,0,1,0.64
11314,1,0,0.29
11316,1,0,0.36
11318,0,1,0.54
11341,0,1,0.61
11344,1,0,0.04
11349,0,1,0.51
11351,1,0,0.15
11356,0,1,0.56
11358,0,1,0.78
11360,0,1,0.61
11362,0,1,0.67
11370,1,0,0.43
11377,1,0,0.23
11378,1,0,0.08
11380,1,0,0.4
11383,0,1,0.7
11393,1,0,0.43
11397,1,0,0.31
11411,0,1,0.56
11438,1,0,0.13
11440,1,0,0.41
11448,0,1,0.59
11453,1,0,0.16
11460,0,1,0.51
11475,0,1,0.59
11477,1,0,0.136
11478,1,0,0.31
11484,1,0,0.39
11493,1,0,0.44
11496,0,1,0.59
11513,1,0,0.47
11515,0,1,0.87
11516,1,0,0.07
11523,1,0,0.20333333333333337
11537,1,0,0.25
11541,0,1,0.75
11555,0,1,0.57
11557,0,1,0.57
11561,1,0,0.5
11562,1,0,0.37
11564,1,0,0.19666666666666666
11565,1,0,0.49
11566,1,0,0.36
11573,0,1,0.7466666666666666
11581,1,0,0.18
11594,1,0,0.4
11610,0,1,0.61
11611,0,1,0.56
11612,0,1,0.79
11627,1,0,0.43
11636,0,1,0.71
11643,0,1,0.55
11649,1,0,0.02
11651,0,1,0.58
11654,1,0,0.31
11655,1,0,0.48
11657,0,1,0.78
11658,1,0,0.47
11672,1,0,0.07
11676,0,1,0.55
11691,1,0,0.36
11699,0,1,0.62
11707,0,1,0.67
11713,0,1,0.57
11715,0,1,0.544
11720,1,0,0.5
11731,0,1,0.58
11733,1,0,0.46
11734,0,1,0.52
11737,1,0,0.444
11740,0,1,0.6
11751,0,1,0.64
11760,0,1,0.76
11766,1,0,0.44
11768,1,0,0.36
11771,1,0,0.1
11773,0,1,0.56
11775,1,0,0.39
11794,1,0,0.48
11802,1,0,0.41
11812,1,0,0.23
11813,1,0,0.06
11818,0,1,0.5675
11821,0,1,0.5666666666666667
11823,0,1,0.62
11827,1,0,0.43
11832,1,0,0.28
11855,0,1,0.78
11859,0,1,0.65
11867,1,0,0.36
11870,1,0,0.16666666666666669
11874,1,0,0.26
11881,0,1,0.78
11882,1,0,0.45
11888,1,0,0.48
11898,1,0,0.34
11899,1,0,0.3
11900,1,0,0.46
11916,1,0,0.15
11926,0,1,0.76
11939,0,1,0.85
11945,1,0,0.1
11951,1,0,0.46
11952,1,0,0.41
11954,1,0,0.34
11956,1,0,0.45
11958,1,0,0.46
11959,0,1,0.68
11963,1,0,0.12666666666666665
11967,1,0,0.47
11968,1,0,0.18
11974,1,0,0.11
11975,1,0,0.47
11979,1,0,0.36
11992,1,0,0.46
11994,0,1,0.76
12014,1,0,0.41
12039,1,0,0.09
12046,1,0,0.46
12047,1,0,0.34
12050,0,1,0.74
12064,0,1,0.55
12073,1,0,0.34
12079,1,0,0.47
12085,1,0,0.36
12090,1,0,0.46
12100,1,0,0.38
12113,1,0,0.12
12119,0,1,0.6
12122,1,0,0.21
12123,1,0,0.09
12136,1,0,0.33
12137,1,0,0.39
12138,1,0,0.12
12149,1,0,0.38
12152,1,0,0.29
12178,1,0,0.165
12194,1,0,0.42
12197,1,0,0.31
12202,0,1,0.55
12217,0,1,0.76
12236,1,0,0.09
12244,0,1,0.72
12250,1,0,0.26
12270,0,1,0.62
12274,1,0,0.15666666666666668
12276,1,0,0.33
12280,1,0,0.49
12289,0,1,0.52
12297,1,0,0.17
12307,1,0,0.41
12323,1,0,0.42
12327,0,1,0.58
12339,1,0,0.3
12340,1,0,0.31
12348,0,1,0.54
12350,1,0,0.23
12353,1,0,0.27
12354,1,0,0.43916666666666665
12367,0,1,0.5475
12369,1,0,0.41
12372,1,0,0.14
12384,1,0,0.13
12401,1,0,0.43
12405,1,0,0.45900000000000013
12411,1,0,0.26
12412,0,1,0.6
12416,1,0,0.41
12422,0,1,0.75
12426,1,0,0.18
12444,0,1,0.62
12450,1,0,0.41666666666666663
12454,1,0,0.47
12467,1,0,0.45
12468,0,1,0.55
12469,1,0,0.41
12470,1,0,0.12
12478,0,1,0.66
12480,1,0,0.19
12507,1,0,0.26
12508,0,1,0.69
12512,1,0,0.46
12521,1,0,0.43
12524,1,0,0.12833333333333333
12525,1,0,0.32
12537,1,0,0.09
12552,1,0,0.45
12556,1,0,0.27
12566,1,0,0.12
12573,1,0,0.46
12589,1,0,0.26
12598,1,0,0.26
12603,0,1,0.68
12607,0,1,0.57
12610,1,0,0.28
12613,0,1,0.52
12626,1,0,0.4
12643,1,0,0.28
12644,1,0,0.315
12660,0,1,0.71
12662,1,0,0.17
12668,1,0,0.44
12673,1,0,0.21
12698,0,1,0.69
12701,1,0,0.395
12705,1,0,0.17
12711,0,1,0.7
12714,1,0,0.45
12740,1,0,0.04
12748,1,0,0.33
12752,1,0,0.46
12755,1,0,0.34
12759,0,1,0.57
12763,1,0,0.35
12764,0,1,0.72
12771,1,0,0.4758333333333333
12773,1,0,0.43
12775,1,0,0.29
12776,0,1,0.53
12779,1,0,0.45
12780,1,0,0.14
12782,1,0,0.38
12801,1,0,0.14
12814,1,0,0.29
12819,1,0,0.29
12832,0,1,0.73
12841,0,1,0.57
12847,1,0,0.3
12848,0,1,0.7
12858,1,0,0.44
12874,1,0,0.42
12875,0,1,0.52
12886,1,0,0.15666666666666665
12888,0,1,0.63
12893,0,1,0.7509999999999999
12895,1,0,0.31
12897,0,1,0.67
12909,1,0,0.29
12924,0,1,0.65
12931,1,0,0.22
12939,1,0,0.28
12948,1,0,0.48
12951,1,0,0.25
12955,1,0,0.45
12972,0,1,0.55
12973,1,0,0.38
12975,1,0,0.17
12979,0,1,0.7
12982,1,0,0.19
12991,0,1,0.61
12992,1,0,0.3735
13001,0,1,0.72
13003,1,0,0.39
13022,0,1,0.73
13027,1,0,0.35
13028,1,0,0.41
13030,1,0,0.37
13046,1,0,0.23
13061,1,0,0.42
13071,1,0,0.22
13073,0,1,0.67
13077,1,0,0.47
13083,0,1,0.54
13086,0,1,0.52
13090,0,1,0.6
13095,1,0,0.4
13102,1,0,0.42
13111,1,0,0.43
13114,1,0,0.23
13121,0,1,0.53
13124,1,0,0.47
13127,1,0,0.19
13128,1,0,0.4
13134,0,1,0.7
13138,0,1,0.57
13147,0,1,0.56
13150,1,0,0.32
13160,1,0,0.46
13164,1,0,0.47
13174,1,0,0.37
13177,0,1,0.59
13184,1,0,0.07
13185,1,0,0.49
13193,1,0,0.28
13194,0,1,0.73
13195,1,0,0.31
13196,1,0,0.24
13203,1,0,0.21
13207,1,0,0.47
13223,1,0,0.314
13226,1,0,0.3875
13230,1,0,0.37
13231,1,0,0.43
13234,1,0,0.12
13246,0,1,0.59
13248,1,0,0.47
13266,0,1,0.58
13273,1,0,0.21
13275,0,1,0.55
13280,0,1,0.53
13281,0,1,0.76
13288,1,0,0.26
13290,1,0,0.42
13297,1,0,0.41
13298,0,1,0.53
13299,1,0,0.45
13305,0,1,0.78
13307,0,1,0.53
13321,1,0,0.33
13333,1,0,0.43
13341,1,0,0.31
13343,1,0,0.47
13346,1,0,0.32
13355,1,0,0.2
13358,0,1,0.51
13371,1,0,0.33
13377,1,0,0.21999999999999997
13380,1,0,0.49
13388,1,0,0.42
13394,1,0,0.17
13399,1,0,0.02
13403,0,1,0.78
13406,1,0,0.28
13412,1,0,0.06
13427,0,1,0.61
13430,1,0,0.22
13437,1,0,0.25
13438,1,0,0.17
13443,1,0,0.01
13447,1,0,0.4
13459,1,0,0.09
13460,1,0,0.39
13468,0,1,0.74
13472,0,1,0.97
13482,0,1,0.51
13494,1,0,0.25
13496,1,0,0.04333333333333334
13508,1,0,0.25
13509,1,0,0.11
13510,0,1,0.66
13512,0,1,0.75
13514,1,0,0.3
13515,0,1,0.51
13518,0,1,0.79
13527,0,1,0.5883333333333334
13531,1,0,0.37
13536,1,0,0.1
13541,1,0,0.49
13549,1,0,0.28
13559,0,1,0.505
13564,1,0,0.26166666666666666
13575,1,0,0.1
13577,1,0,0.31
13579,1,0,0.46
13583,0,1,0.52
13591,1,0,0.2383333333333333
13592,0,1,0.8526666666666667
13596,1,0,0.22
13597,1,0,0.49
13604,0,1,0.55
13611,1,0,0.08
13617,1,0,0.02
13625,1,0,0.4216666666666667
13627,1,0,0.33
13631,1,0,0.35
13636,1,0,0.44
13641,0,1,0.71
13645,0,1,0.58
13646,1,0,0.34
13657,1,0,0.33
13659,0,1,0.74
13663,1,0,0.16
13681,1,0,0.35
13684,1,0,0.40083333333333326
13698,0,1,0.7
13723,0,1,0.81
13724,1,0,0.46
13728,0,1,0.51
13737,1,0,0.46
13758,1,0,0.275
13763,0,1,0.56
13783,0,1,0.51
13800,0,1,0.63
13802,0,1,0.51
13816,0,1,0.54
13819,0,1,0.68
13833,1,0,0.33
13864,1,0,0.155
13886,0,1,0.51
13895,1,0,0.15
13899,1,0,0.3661666666666667
13925,1,0,0.42
13928,1,0,0.4
13958,1,0,0.33
13963,1,0,0.47
13966,1,0,0.49
13970,1,0,0.21
13975,0,1,0.71
13979,1,0,0.15
13984,1,0,0.2
13988,1,0,0.46
13989,1,0,0.47
13991,1,0,0.47
13992,1,0,0.34
14021,1,0,0.09
14026,1,0,0.26
14030,1,0,0.14
14031,1,0,0.39
14036,1,0,0.08
14038,1,0,0.09
14060,1,0,0.23583333333333337
14062,1,0,0.38
14067,0,1,0.63
14069,0,1,0.6
14073,1,0,0.43166666666666664
14083,1,0,0.47
14084,0,1,0.54
14089,0,1,0.65
14093,0,1,0.51
14101,1,0,0.39
14110,1,0,0.16
14116,0,1,0.58
14121,0,1,0.55
14126,0,1,0.77
14127,0,1,0.62
14145,0,1,0.85
14157,1,0,0.42
14165,0,1,0.69
14168,0,1,0.57
14172,1,0,0.07
14175,1,0,0.19
14204,1,0,0.33
14209,0,1,0.57
14213,1,0,0.41
14215,1,0,0.4601666666666667
14222,1,0,0.17666666666666664
14225,0,1,0.51
14248,1,0,0.495
14254,1,0,0.32
14259,0,1,0.66
14262,0,1,0.74
14263,1,0,0.25
14264,1,0,0.19666666666666668
14268,0,1,0.705
14281,1,0,0.48
14282,0,1,0.81
14283,1,0,0.31
14291,0,1,0.59
14305,0,1,0.54
14310,1,0,0.22
14311,0,1,0.5258333333333333
14315,1,0,0.46
14316,0,1,0.62
14319,1,0,0.44
14325,0,1,0.93
14336,1,0,0.24
14341,0,1,0.57
14344,0,1,0.53
14349,1,0,0.29
14352,0,1,0.6
14358,0,1,0.63
14359,1,0,0.355
14364,1,0,0.45
14366,1,0,0.08
14370,1,0,0.21
14376,1,0,0.41
14377,1,0,0.1
14378,1,0,0.27
14390,1,0,0.4
14399,1,0,0.2866666666666666
14409,1,0,0.37
14414,0,1,0.51
14419,1,0,0.36666666666666664
14420,1,0,0.15416666666666667
14422,1,0,0.18
14428,0,1,0.51
14442,1,0,0.5
14444,0,1,0.82
14461,1,0,0.48
14465,1,0,0.36
14470,1,0,0.17
14473,0,1,0.53
14477,1,0,0.36
14479,0,1,0.518
14491,1,0,0.47
14492,1,0,0.1
14505,1,0,0.41
14507,0,1,0.8
14517,1,0,0.4
14521,1,0,0.36
14535,1,0,0.31
14544,0,1,0.6433333333333333
14550,0,1,0.64
14567,1,0,0.3
14584,0,1,0.63
14586,1,0,0.41
14588,0,1,0.52
14591,1,0,0.37
14599,1,0,0.34166666666666673
14612,1,0,0.3225
14620,1,0,0.44
14622,0,1,0.67
14633,1,0,0.49
14647,0,1,0.578
14652,1,0,0.37
14653,1,0,0.25
14661,1,0,0.27
14667,1,0,0.43
14668,1,0,0.38
14682,1,0,0.39
14692,1,0,0.17
14699,0,1,0.65
14704,1,0,0.47
14709,1,0,0.36
14720,0,1,0.6
14722,0,1,0.56
14723,0,1,0.52
14724,1,0,0.35
14726,1,0,0.29
14729,1,0,0.265
14733,1,0,0.28
14739,1,0,0.46
14742,1,0,0.25
14753,1,0,0.37
14778,1,0,0.14
14782,1,0,0.43
14789,0,1,0.75
14800,1,0,0.3
14806,0,1,0.5575
14811,1,0,0.49
14815,1,0,0.26
14820,0,1,0.74
14823,1,0,0.43
14825,1,0,0.49066666666666664
14842,1,0,0.43866666666666665
14848,1,0,0.22
14853,0,1,0.78
14854,0,1,0.7377380952380952
14857,0,1,0.9
14858,0,1,0.59
14860,1,0,0.09
14868,1,0,0.27
14877,1,0,0.265
14879,1,0,0.04
14880,0,1,0.75
14883,0,1,0.64
14885,0,1,0.58
14887,0,1,0.67
14897,0,1,0.57
14905,0,1,0.55
14906,0,1,0.68
14913,0,1,0.83
14927,0,1,0.62
14928,0,1,0.51
14934,0,1,0.57
14937,1,0,0.08
14941,1,0,0.22
14942,0,1,0.75
14953,0,1,0.66
14956,0,1,0.81
14957,0,1,0.52
14958,1,0,0.25
14983,0,1,0.86
14990,0,1,0.64
14993,1,0,0.32
14994,1,0,0.3175
14996,1,0,0.41666666666666663
15000,1,0,0.225
15005,0,1,0.82
15011,1,0,0.22
15020,0,1,0.64
15023,0,1,0.52
15025,0,1,0.5066666666666666
15031,0,1,0.55
15033,1,0,0.13
15034,0,1,0.54
15036,1,0,0.49
15042,1,0,0.08
15043,0,1,0.69
15049,1,0,0.47
15061,1,0,0.37
15073,0,1,0.61
15077,1,0,0.23
15078,1,0,0.24
15084,1,0,0.22
15086,1,0,0.2
15109,1,0,0.31
15114,0,1,0.72
15125,1,0,0.4608333333333334
15128,1,0,0.39
15140,1,0,0.48
15143,0,1,0.51
15144,1,0,0.38
15149,0,1,0.84
15152,1,0,0.2583333333333333
15164,0,1,0.65
15171,0,1,0.87
15175,0,1,0.55
15195,1,0,0.3
15207,0,1,0.64
15213,1,0,0.16
15220,1,0,0.35
15232,1,0,0.23
15234,1,0,0.43
15251,1,0,0.23
15255,0,1,0.585
15277,1,0,0.23
15291,1,0,0.16
15294,0,1,0.63
15298,1,0,0.38
15314,0,1,0.62
15322,0,1,0.82
15326,0,1,0.66
15337,0,1,0.55
15340,1,0,0.13
15356,1,0,0.14
15368,1,0,0.17
15371,0,1,0.81
15383,1,0,0.37
15384,1,0,0.47
15388,1,0,0.25
15393,1,0,0.23
15403,0,1,0.59
15409,1,0,0.31
15410,0,1,0.71
15414,1,0,0.48633333333333334
15416,1,0,0.04
15424,1,0,0.03
15429,1,0,0.27
15433,1,0,0.39
15437,1,0,0.13
15447,1,0,0.39
15450,1,0,0.4
15452,0,1,0.66
15454,1,0,0.23
15458,1,0,0.435
15459,1,0,0.45
15464,1,0,0.275
15477,1,0,0.03
15481,1,0,0.26
15482,1,0,0.44
15490,0,1,0.68
15492,0,1,0.56
15515,0,1,0.55
15521,0,1,0.5266666666666666
15549,1,0,0.38
15551,1,0,0.2383333333333333
15553,0,1,0.92
15557,1,0,0.5
15568,0,1,0.68
15574,0,1,0.52
15583,0,1,0.61
15591,1,0,0.3633333333333333
15596,1,0,0.28
15607,1,0,0.46833333333333327
15608,1,0,0.36
15614,1,0,0.5
15627,1,0,0.38
15639,0,1,0.64
15645,1,0,0.37
15646,1,0,0.14
15659,1,0,0.42
15661,0,1,0.87
15662,1,0,0.3
15664,1,0,0.315
15672,1,0,0.15
15687,0,1,0.73
15701,1,0,0.16
15707,1,0,0.21
15720,1,0,0.44
15721,1,0,0.15
15736,0,1,0.75
15771,1,0,0.45
15772,1,0,0.21
15779,0,1,0.81
15792,1,0,0.41
15795,1,0,0.09
15802,0,1,0.91
15812,1,0,0.37
15814,0,1,0.66
15815,1,0,0.365
15821,1,0,0.5
15826,0,1,0.52
15828,1,0,0.38
15852,1,0,0.17266666666666666
15854,1,0,0.26
15870,1,0,0.5
15871,0,1,0.54
15882,1,0,0.22
15883,1,0,0.25
15890,1,0,0.17
15897,1,0,0.3
15907,0,1,0.8173333333333334
15911,0,1,0.73
15914,1,0,0.4733333333333334
15916,1,0,0.27
15917,1,0,0.12
15920,0,1,0.51
15923,0,1,0.55
15924,1,0,0.38
15926,1,0,0.22
15955,1,0,0.26
15956,0,1,0.56
15961,1,0,0.5
15962,0,1,0.57
15975,1,0,0.17
15977,1,0,0.30333333333333334
15980,1,0,0.084
15995,1,0,0.18
16006,1,0,0.17
16007,1,0,0.11
16020,1,0,0.33
16043,1,0,0.49
16066,0,1,0.9891666666666667
16070,0,1,0.68
16072,1,0,0.48
16090,1,0,0.47
16097,0,1,0.62
16099,1,0,0.21
16111,0,1,0.6025
16115,1,0,0.295
16119,0,1,0.56
16120,1,0,0.17
16123,1,0,0.39
16130,1,0,0.28
16134,1,0,0.47600000000000003
16141,1,0,0.39
16145,1,0,0.15
16150,1,0,0.24
16154,1,0,0.21
16158,0,1,0.53
16160,1,0,0.18
16172,0,1,0.73
16174,1,0,0.19
16179,1,0,0.18
16182,1,0,0.23
16205,1,0,0.49
16206,1,0,0.41
16215,1,0,0.26
16217,1,0,0.26
16221,1,0,0.09
16223,0,1,0.7016666666666665
16225,1,0,0.33
16227,0,1,0.56
16255,1,0,0.15
16256,1,0,0.42
16263,1,0,0.45
16269,0,1,0.56
16272,1,0,0.4
16273,0,1,0.64
16276,0,1,0.6975
16282,0,1,0.7
16289,1,0,0.12
16302,1,0,0.35
16310,1,0,0.39799999999999996
16313,0,1,0.68
16318,1,0,0.33
16320,1,0,0.46
16329,1,0,0.36
16332,1,0,0.19
16333,0,1,0.62
16334,0,1,0.52
16362,0,1,0.55
16376,1,0,0.41
16381,0,1,0.75
16393,0,1,0.54
16396,0,1,0.78
16399,1,0,0.42
16402,1,0,0.33
16421,0,1,0.81
16428,1,0,0.27
16429,0,1,0.54
16433,0,1,0.66
16435,0,1,0.53
16463,0,1,0.57
16477,1,0,0.08
16480,0,1,0.6
16482,1,0,0.37
16494,0,1,0.54
16512,1,0,0.42
16515,1,0,0.46
16517,1,0,0.09666666666666666
16527,1,0,0.23
16536,1,0,0.1
16539,0,1,0.97
16543,1,0,0.33
16548,1,0,0.24
16553,1,0,0.4
16563,1,0,0.35
16580,1,0,0.49
16582,1,0,0.29
16591,1,0,0.26
16592,1,0,0.125
16598,1,0,0.34
16601,1,0,0.44
16603,1,0,0.22
16605,1,0,0.35
16606,1,0,0.37
16617,1,0,0.24
16620,1,0,0.39
16625,1,0,0.14
16630,0,1,0.5699047619047619
16634,0,1,0.62
16651,0,1,0.74
16663,1,0,0.3
16665,1,0,0.25
16693,0,1,0.63
16694,0,1,0.53
16702,1,0,0.34
16706,1,0,0.48
16728,0,1,0.58
16733,0,1,0.86
16741,0,1,0.64
16745,1,0,0.49
16748,1,0,0.19
16752,0,1,0.81
16754,0,1,0.52
16770,0,1,0.59
16771,1,0,0.47
16772,1,0,0.15
16773,0,1,0.74
16780,1,0,0.25
16785,1,0,0.49
16799,0,1,0.58
16800,0,1,0.76
16823,1,0,0.45
16825,1,0,0.36
16826,0,1,0.65
16832,1,0,0.26
16833,1,0,0.36
16844,1,0,0.31
16845,1,0,0.11
16852,1,0,0.06
16857,1,0,0.33
16864,1,0,0.12
16870,1,0,0.18
16872,1,0,0.16
16876,1,0,0.19
16885,0,1,0.74
16894,1,0,0.44
16909,0,1,0.69
16913,0,1,0.71
16916,1,0,0.45
16919,1,0,0.24
16920,1,0,0.3555
16926,1,0,0.41
16934,0,1,0.55
16941,1,0,0.19
16942,1,0,0.43
16953,1,0,0.44
16954,1,0,0.44
16961,0,1,0.57
16985,1,0,0.24
16987,0,1,0.64
17001,1,0,0.16
17002,1,0,0.15
17003,1,0,0.39
17007,0,1,0.75
17011,1,0,0.21
17015,1,0,0.48
17018,1,0,0.29
17020,1,0,0.44
17022,1,0,0.31
17040,1,0,0.27
17054,1,0,0.14
17057,1,0,0.32
17058,0,1,0.66
17059,1,0,0.13
17071,1,0,0.43
17078,1,0,0.29
17085,1,0,0.37
17087,1,0,0.42
17090,0,1,0.73
17094,0,1,0.93
17095,0,1,0.58
17103,1,0,0.24
17111,1,0,0.32
17120,1,0,0.42
17128,1,0,0.47
17130,1,0,0.48
17143,1,0,0.38
17144,1,0,0.18333333333333332
17146,0,1,0.65
17159,1,0,0.36
17164,1,0,0.46
17174,1,0,0.31
17177,0,1,0.53
17182,0,1,0.7
17185,0,1,0.545
17187,1,0,0.3
17188,1,0,0.09
17190,0,1,0.585
17193,1,0,0.25
17194,1,0,0.42
17196,1,0,0.34
17201,1,0,0.3525
17208,0,1,0.88
17209,1,0,0.28
17233,1,0,0.37
17235,0,1,0.71
17236,0,1,0.53
17241,1,0,0.05
17242,1,0,0.45
17246,1,0,0.29
17258,0,1,0.55
17265,1,0,0.5
17266,1,0,0.41
17276,1,0,0.39
17279,1,0,0.475
17283,1,0,0.08
17284,1,0,0.03
17288,0,1,0.73
17291,1,0,0.36
17310,1,0,0.29
17315,0,1,0.67
17319,1,0,0.49
17329,1,0,0.38
17330,1,0,0.29166666666666663
17334,1,0,0.1
17335,0,1,0.67
17342,1,0,0.38
17347,0,1,0.64
17350,1,0,0.28
17351,0,1,0.53
17353,0,1,0.76
17361,1,0,0.31
17362,1,0,0.06
17367,1,0,0.4
17372,0,1,0.56
17379,0,1,0.59
17385,1,0,0.3
17387,0,1,0.76
17389,1,0,0.27
17390,1,0,0.24
17396,0,1,0.53
17406,1,0,0.37
17407,1,0,0.07
17412,0,1,0.5366666666666666
17422,1,0,0.18
17425,1,0,0.28
17430,1,0,0.33
17435,1,0,0.21
17442,0,1,0.79
17449,1,0,0.14
17455,1,0,0.3
17456,1,0,0.13
17460,1,0,0.1
17463,1,0,0.06
17467,1,0,0.26
17471,1,0,0.22
17477,1,0,0.36
17478,1,0,0.07
